file_name,caption
penguin_01_aug_1.png,a happy penguin raising its right flipper in igloonet brand style
penguin_01_aug_10.png,a happy penguin raising its right flipper in igloonet brand style
penguin_01_aug_2.png,a happy penguin raising its right flipper in igloonet brand style
penguin_01_aug_3.png,a happy penguin raising its right flipper in igloonet brand style
penguin_01_aug_4.png,a happy penguin raising its right flipper in igloonet brand style
penguin_01_aug_5.png,a happy penguin raising its right flipper in igloonet brand style
penguin_01_aug_6.png,a happy penguin raising its right flipper in igloonet brand style
penguin_01_aug_7.png,a happy penguin raising its right flipper in igloonet brand style
penguin_01_aug_8.png,a happy penguin raising its right flipper in igloonet brand style
penguin_01_aug_9.png,a happy penguin raising its right flipper in igloonet brand style
penguin_02_aug_1.png,a penguin wearing headphones in igloonet brand style
penguin_02_aug_10.png,a penguin wearing headphones in igloonet brand style
penguin_02_aug_2.png,a penguin wearing headphones in igloonet brand style
penguin_02_aug_3.png,a penguin wearing headphones in igloonet brand style
penguin_02_aug_4.png,a penguin wearing headphones in igloonet brand style
penguin_02_aug_5.png,a penguin wearing headphones in igloonet brand style
penguin_02_aug_6.png,a penguin wearing headphones in igloonet brand style
penguin_02_aug_7.png,a penguin wearing headphones in igloonet brand style
penguin_02_aug_8.png,a penguin wearing headphones in igloonet brand style
penguin_02_aug_9.png,a penguin wearing headphones in igloonet brand style
penguin_03_aug_1.png,a penguin wearing headphones in igloonet brand style
penguin_03_aug_10.png,a penguin wearing headphones in igloonet brand style
penguin_03_aug_2.png,a penguin wearing headphones in igloonet brand style
penguin_03_aug_3.png,a penguin wearing headphones in igloonet brand style
penguin_03_aug_4.png,a penguin wearing headphones in igloonet brand style
penguin_03_aug_5.png,a penguin wearing headphones in igloonet brand style
penguin_03_aug_6.png,a penguin wearing headphones in igloonet brand style
penguin_03_aug_7.png,a penguin wearing headphones in igloonet brand style
penguin_03_aug_8.png,a penguin wearing headphones in igloonet brand style
penguin_03_aug_9.png,a penguin wearing headphones in igloonet brand style
penguin_04_aug_1.png,a penguin holding a dashboard in its right flipper in igloonet brand style
penguin_04_aug_10.png,a penguin holding a dashboard in its right flipper in igloonet brand style
penguin_04_aug_2.png,a penguin holding a dashboard in its right flipper in igloonet brand style
penguin_04_aug_3.png,a penguin holding a dashboard in its right flipper in igloonet brand style
penguin_04_aug_4.png,a penguin holding a dashboard in its right flipper in igloonet brand style
penguin_04_aug_5.png,a penguin holding a dashboard in its right flipper in igloonet brand style
penguin_04_aug_6.png,a penguin holding a dashboard in its right flipper in igloonet brand style
penguin_04_aug_7.png,a penguin holding a dashboard in its right flipper in igloonet brand style
penguin_04_aug_8.png,a penguin holding a dashboard in its right flipper in igloonet brand style
penguin_04_aug_9.png,a penguin holding a dashboard in its right flipper in igloonet brand style
penguin_05_aug_1.png,a penguin raising its left flipper in igloonet brand style
penguin_05_aug_10.png,a penguin raising its left flipper in igloonet brand style
penguin_05_aug_2.png,a penguin raising its left flipper in igloonet brand style
penguin_05_aug_3.png,a penguin raising its left flipper in igloonet brand style
penguin_05_aug_4.png,a penguin raising its left flipper in igloonet brand style
penguin_05_aug_5.png,a penguin raising its left flipper in igloonet brand style
penguin_05_aug_6.png,a penguin raising its left flipper in igloonet brand style
penguin_05_aug_7.png,a penguin raising its left flipper in igloonet brand style
penguin_05_aug_8.png,a penguin raising its left flipper in igloonet brand style
penguin_05_aug_9.png,a penguin raising its left flipper in igloonet brand style
penguin_06_aug_1.png,a neutral penguin in basic pose in igloonet brand style
penguin_06_aug_10.png,a neutral penguin in basic pose in igloonet brand style
penguin_06_aug_2.png,a neutral penguin in basic pose in igloonet brand style
penguin_06_aug_3.png,a neutral penguin in basic pose in igloonet brand style
penguin_06_aug_4.png,a neutral penguin in basic pose in igloonet brand style
penguin_06_aug_5.png,a neutral penguin in basic pose in igloonet brand style
penguin_06_aug_6.png,a neutral penguin in basic pose in igloonet brand style
penguin_06_aug_7.png,a neutral penguin in basic pose in igloonet brand style
penguin_06_aug_8.png,a neutral penguin in basic pose in igloonet brand style
penguin_06_aug_9.png,a neutral penguin in basic pose in igloonet brand style
penguin_07_aug_1.png,a penguin wearing glasses in igloonet brand style
penguin_07_aug_10.png,a penguin wearing glasses in igloonet brand style
penguin_07_aug_2.png,a penguin wearing glasses in igloonet brand style
penguin_07_aug_3.png,a penguin wearing glasses in igloonet brand style
penguin_07_aug_4.png,a penguin wearing glasses in igloonet brand style
penguin_07_aug_5.png,a penguin wearing glasses in igloonet brand style
penguin_07_aug_6.png,a penguin wearing glasses in igloonet brand style
penguin_07_aug_7.png,a penguin wearing glasses in igloonet brand style
penguin_07_aug_8.png,a penguin wearing glasses in igloonet brand style
penguin_07_aug_9.png,a penguin wearing glasses in igloonet brand style
penguin_08_aug_1.png,an angry penguin in igloonet brand style
penguin_08_aug_10.png,an angry penguin in igloonet brand style
penguin_08_aug_2.png,an angry penguin in igloonet brand style
penguin_08_aug_3.png,an angry penguin in igloonet brand style
penguin_08_aug_4.png,an angry penguin in igloonet brand style
penguin_08_aug_5.png,an angry penguin in igloonet brand style
penguin_08_aug_6.png,an angry penguin in igloonet brand style
penguin_08_aug_7.png,an angry penguin in igloonet brand style
penguin_08_aug_8.png,an angry penguin in igloonet brand style
penguin_08_aug_9.png,an angry penguin in igloonet brand style
penguin_09_aug_1.png,a grumpy penguin in igloonet brand style
penguin_09_aug_10.png,a grumpy penguin in igloonet brand style
penguin_09_aug_2.png,a grumpy penguin in igloonet brand style
penguin_09_aug_3.png,a grumpy penguin in igloonet brand style
penguin_09_aug_4.png,a grumpy penguin in igloonet brand style
penguin_09_aug_5.png,a grumpy penguin in igloonet brand style
penguin_09_aug_6.png,a grumpy penguin in igloonet brand style
penguin_09_aug_7.png,a grumpy penguin in igloonet brand style
penguin_09_aug_8.png,a grumpy penguin in igloonet brand style
penguin_09_aug_9.png,a grumpy penguin in igloonet brand style
penguin_10_aug_1.png,a winking penguin in igloonet brand style
penguin_10_aug_10.png,a winking penguin in igloonet brand style
penguin_10_aug_2.png,a winking penguin in igloonet brand style
penguin_10_aug_3.png,a winking penguin in igloonet brand style
penguin_10_aug_4.png,a winking penguin in igloonet brand style
penguin_10_aug_5.png,a winking penguin in igloonet brand style
penguin_10_aug_6.png,a winking penguin in igloonet brand style
penguin_10_aug_7.png,a winking penguin in igloonet brand style
penguin_10_aug_8.png,a winking penguin in igloonet brand style
penguin_10_aug_9.png,a winking penguin in igloonet brand style
penguin_11_aug_1.png,a crazy penguin with a wild expression in igloonet brand style
penguin_11_aug_10.png,a crazy penguin with a wild expression in igloonet brand style
penguin_11_aug_2.png,a crazy penguin with a wild expression in igloonet brand style
penguin_11_aug_3.png,a crazy penguin with a wild expression in igloonet brand style
penguin_11_aug_4.png,a crazy penguin with a wild expression in igloonet brand style
penguin_11_aug_5.png,a crazy penguin with a wild expression in igloonet brand style
penguin_11_aug_6.png,a crazy penguin with a wild expression in igloonet brand style
penguin_11_aug_7.png,a crazy penguin with a wild expression in igloonet brand style
penguin_11_aug_8.png,a crazy penguin with a wild expression in igloonet brand style
penguin_11_aug_9.png,a crazy penguin with a wild expression in igloonet brand style
penguin_12_aug_1.png,a sad penguin in igloonet brand style
penguin_12_aug_10.png,a sad penguin in igloonet brand style
penguin_12_aug_2.png,a sad penguin in igloonet brand style
penguin_12_aug_3.png,a sad penguin in igloonet brand style
penguin_12_aug_4.png,a sad penguin in igloonet brand style
penguin_12_aug_5.png,a sad penguin in igloonet brand style
penguin_12_aug_6.png,a sad penguin in igloonet brand style
penguin_12_aug_7.png,a sad penguin in igloonet brand style
penguin_12_aug_8.png,a sad penguin in igloonet brand style
penguin_12_aug_9.png,a sad penguin in igloonet brand style
penguin_13_aug_1.png,a surprised penguin in igloonet brand style
penguin_13_aug_10.png,a surprised penguin in igloonet brand style
penguin_13_aug_2.png,a surprised penguin in igloonet brand style
penguin_13_aug_3.png,a surprised penguin in igloonet brand style
penguin_13_aug_4.png,a surprised penguin in igloonet brand style
penguin_13_aug_5.png,a surprised penguin in igloonet brand style
penguin_13_aug_6.png,a surprised penguin in igloonet brand style
penguin_13_aug_7.png,a surprised penguin in igloonet brand style
penguin_13_aug_8.png,a surprised penguin in igloonet brand style
penguin_13_aug_9.png,a surprised penguin in igloonet brand style
penguin_14_aug_1.png,a penguin raising its right flipper in igloonet brand style
penguin_14_aug_10.png,a penguin raising its right flipper in igloonet brand style
penguin_14_aug_2.png,a penguin raising its right flipper in igloonet brand style
penguin_14_aug_3.png,a penguin raising its right flipper in igloonet brand style
penguin_14_aug_4.png,a penguin raising its right flipper in igloonet brand style
penguin_14_aug_5.png,a penguin raising its right flipper in igloonet brand style
penguin_14_aug_6.png,a penguin raising its right flipper in igloonet brand style
penguin_14_aug_7.png,a penguin raising its right flipper in igloonet brand style
penguin_14_aug_8.png,a penguin raising its right flipper in igloonet brand style
penguin_14_aug_9.png,a penguin raising its right flipper in igloonet brand style
